{"cameraMode":{"drawMode":0,"name":"Shaded","section":"Shading Mode"},"sceneLighting":true,"audioPlay":false,"sceneViewState":{"showFog":true,"showMaterialUpdate":false,"showSkybox":true,"showFlares":true,"showImageEffects":true,"showParticleSystems":true},"in2DMode":false,"pivot":{"x":5.1529622077941898,"y":0.4402344226837158,"z":-13.438243865966797},"rotation":{"x":0.013039357960224152,"y":0.9537123441696167,"z":-0.29752594232559206,"w":0.04179585725069046},"size":7.1890788078308109,"orthographic":true}