{"cameraMode":{"drawMode":0,"name":"Shaded","section":"Shading Mode"},"sceneLighting":true,"audioPlay":false,"sceneViewState":{"showFog":true,"showMaterialUpdate":false,"showSkybox":true,"showFlares":true,"showImageEffects":true,"showParticleSystems":true},"in2DMode":false,"pivot":{"x":-128.57102966308595,"y":110.50016784667969,"z":-146.7347869873047},"rotation":{"x":-0.14606915414333344,"y":-0.6420901417732239,"z":0.1264156699180603,"w":-0.7418951988220215},"size":792.1093139648438,"orthographic":true}