{"cameraMode":{"drawMode":0,"name":"Shaded","section":"Shading Mode"},"sceneLighting":true,"audioPlay":false,"sceneViewState":{"showFog":true,"showMaterialUpdate":false,"showSkybox":true,"showFlares":true,"showImageEffects":true,"showParticleSystems":true},"in2DMode":false,"pivot":{"x":0.3105399012565613,"y":1.6229768991470338,"z":-11.836555480957032},"rotation":{"x":0.017615266144275667,"y":-0.9140824675559998,"z":-0.03976137191057205,"w":-0.4032486081123352},"size":1.7018437385559083,"orthographic":false}