{"cameraMode":{"drawMode":0,"name":"Shaded","section":"Shading Mode"},"sceneLighting":true,"audioPlay":false,"sceneViewState":{"showFog":true,"showMaterialUpdate":false,"showSkybox":true,"showFlares":true,"showImageEffects":true,"showParticleSystems":true},"in2DMode":false,"pivot":{"x":2.8449270725250246,"y":0.44821977615356448,"z":2.9510440826416017},"rotation":{"x":-0.10692047327756882,"y":0.5927315354347229,"z":-0.07979092001914978,"w":-0.7942789793014526},"size":22.0,"orthographic":false}