{"cameraMode":{"drawMode":0,"name":"Shaded","section":"Shading Mode"},"sceneLighting":false,"audioPlay":false,"sceneViewState":{"showFog":true,"showMaterialUpdate":false,"showSkybox":false,"showFlares":true,"showImageEffects":true,"showParticleSystems":true},"in2DMode":false,"pivot":{"x":4.641625881195068,"y":-0.3597503900527954,"z":-0.40943384170532229},"rotation":{"x":-0.23706300556659699,"y":0.17289435863494874,"z":-0.04291727393865585,"w":-0.9550230503082275},"size":5.768392086029053,"orthographic":false}