{"cameraMode":{"drawMode":0,"name":"Shaded","section":"Shading Mode"},"sceneLighting":true,"audioPlay":false,"sceneViewState":{"showFog":true,"showMaterialUpdate":false,"showSkybox":true,"showFlares":true,"showImageEffects":true,"showParticleSystems":true},"in2DMode":false,"pivot":{"x":9.819999694824219,"y":0.40000003576278689,"z":-12.630000114440918},"rotation":{"x":0.020336855202913286,"y":0.9698283672332764,"z":-0.08693281561136246,"w":0.22687067091464997},"size":2.711862087249756,"orthographic":true}