{"cameraMode":{"drawMode":0,"name":"Shaded","section":"Shading Mode"},"sceneLighting":true,"audioPlay":false,"sceneViewState":{"showFog":true,"showMaterialUpdate":false,"showSkybox":true,"showFlares":true,"showImageEffects":true,"showParticleSystems":true},"in2DMode":false,"pivot":{"x":-293.7455139160156,"y":-5.382842063903809,"z":-62.78083801269531},"rotation":{"x":-0.051759202033281329,"y":-0.06676895916461945,"z":0.0034647397696971895,"w":-0.996425449848175},"size":288.2755432128906,"orthographic":true}