{"cameraMode":{"drawMode":0,"name":"Shaded","section":"Shading Mode"},"sceneLighting":false,"audioPlay":false,"sceneViewState":{"showFog":true,"showMaterialUpdate":false,"showSkybox":false,"showFlares":true,"showImageEffects":true,"showParticleSystems":true},"in2DMode":false,"pivot":{"x":17.34000015258789,"y":2.4200000762939455,"z":-4.909999847412109},"rotation":{"x":0.13132856786251069,"y":0.3253869116306305,"z":-0.04568949714303017,"w":0.9353081583976746},"size":12.26221752166748,"orthographic":true}