{"cameraMode":{"drawMode":0,"name":"Shaded","section":"Shading Mode"},"sceneLighting":true,"audioPlay":false,"sceneViewState":{"showFog":true,"showMaterialUpdate":false,"showSkybox":true,"showFlares":true,"showImageEffects":true,"showParticleSystems":true},"in2DMode":false,"pivot":{"x":3.8193776607513429,"y":1.1125539541244507,"z":5.42387580871582},"rotation":{"x":-0.03446539491415024,"y":0.04107567295432091,"z":-0.001403558417223394,"w":-0.9985784292221069},"size":11.285667419433594,"orthographic":true}