{"cameraMode":{"drawMode":0,"name":"Shaded","section":"Shading Mode"},"sceneLighting":true,"audioPlay":false,"sceneViewState":{"showFog":true,"showMaterialUpdate":false,"showSkybox":true,"showFlares":true,"showImageEffects":true,"showParticleSystems":true},"in2DMode":false,"pivot":{"x":1185.644287109375,"y":427.3333740234375,"z":1046.20556640625},"rotation":{"x":-0.052356068044900897,"y":0.06853356957435608,"z":-0.003544483333826065,"w":-0.9962942004203796},"size":2586.232177734375,"orthographic":false}