{"cameraMode":{"drawMode":0,"name":"Shaded","section":"Shading Mode"},"sceneLighting":true,"audioPlay":false,"sceneViewState":{"showFog":true,"showMaterialUpdate":false,"showSkybox":true,"showFlares":true,"showImageEffects":true,"showParticleSystems":true},"in2DMode":false,"pivot":{"x":5.330087184906006,"y":0.5200000405311585,"z":2.051584482192993},"rotation":{"x":-0.03446539491415024,"y":0.04107567295432091,"z":-0.001403558417223394,"w":-0.9985784292221069},"size":5.836129188537598,"orthographic":true}