{"cameraMode":{"drawMode":0,"name":"Shaded","section":"Shading Mode"},"sceneLighting":true,"audioPlay":false,"sceneViewState":{"showFog":true,"showMaterialUpdate":false,"showSkybox":true,"showFlares":true,"showImageEffects":true,"showParticleSystems":true},"in2DMode":false,"pivot":{"x":5.422047138214111,"y":2.2407209873199465,"z":-7.072561740875244},"rotation":{"x":-0.030679726973176004,"y":-0.9615290760993958,"z":0.120341956615448,"w":-0.24510237574577332},"size":6.055891036987305,"orthographic":true}