{"cameraMode":{"drawMode":0,"name":"Shaded","section":"Shading Mode"},"sceneLighting":true,"audioPlay":false,"sceneViewState":{"showFog":true,"showMaterialUpdate":false,"showSkybox":true,"showFlares":true,"showImageEffects":true,"showParticleSystems":true},"in2DMode":false,"pivot":{"x":5.1529622077941898,"y":0.4402344226837158,"z":-13.438243865966797},"rotation":{"x":0.020336855202913286,"y":0.9698283672332764,"z":-0.08693281561136246,"w":0.22687067091464997},"size":10.223593711853028,"orthographic":true}