{"cameraMode":{"drawMode":0,"name":"Shaded","section":"Shading Mode"},"sceneLighting":true,"audioPlay":false,"sceneViewState":{"showFog":true,"showMaterialUpdate":false,"showSkybox":true,"showFlares":true,"showImageEffects":true,"showParticleSystems":true},"in2DMode":false,"pivot":{"x":0.91943359375,"y":0.8016357421875,"z":1.763671875},"rotation":{"x":-0.03446539491415024,"y":0.04107567295432091,"z":-0.001403558417223394,"w":-0.9985784292221069},"size":12.862868309020996,"orthographic":true}