{"cameraMode":{"drawMode":0,"name":"Shaded","section":"Shading Mode"},"sceneLighting":true,"audioPlay":false,"sceneViewState":{"showFog":true,"showMaterialUpdate":false,"showSkybox":true,"showFlares":true,"showImageEffects":true,"showParticleSystems":true},"in2DMode":false,"pivot":{"x":5.623549461364746,"y":-0.09230470657348633,"z":-1.3485195636749268},"rotation":{"x":-0.1823049932718277,"y":-0.439770370721817,"z":0.0916818305850029,"w":-0.8746402263641357},"size":24.452173233032228,"orthographic":true}