{"cameraMode":{"drawMode":0,"name":"Shaded","section":"Shading Mode"},"sceneLighting":true,"audioPlay":false,"sceneViewState":{"showFog":true,"showMaterialUpdate":false,"showSkybox":true,"showFlares":true,"showImageEffects":true,"showParticleSystems":true},"in2DMode":false,"pivot":{"x":2.5420708656311037,"y":2.9666810035705568,"z":-1.847658634185791},"rotation":{"x":-0.03814387694001198,"y":-0.9195179343223572,"z":0.09216286242008209,"w":-0.38022229075431826},"size":22.0,"orthographic":false}