{"cameraMode":{"drawMode":0,"name":"Shaded","section":"Shading Mode"},"sceneLighting":true,"audioPlay":false,"sceneViewState":{"showFog":true,"showMaterialUpdate":false,"showSkybox":true,"showFlares":true,"showImageEffects":true,"showParticleSystems":true},"in2DMode":false,"pivot":{"x":5.330000400543213,"y":-1.0219999551773072,"z":2.4600000381469728},"rotation":{"x":-0.04667050391435623,"y":-0.5395558476448059,"z":0.02998488023877144,"w":-0.8401380777359009},"size":2.252535581588745,"orthographic":true}