{"cameraMode":{"drawMode":0,"name":"Shaded","section":"Shading Mode"},"sceneLighting":true,"audioPlay":false,"sceneViewState":{"showFog":true,"showMaterialUpdate":false,"showSkybox":true,"showFlares":true,"showImageEffects":true,"showParticleSystems":true},"in2DMode":false,"pivot":{"x":-265.7064208984375,"y":0.4553546905517578,"z":3.3200607299804689},"rotation":{"x":-0.051759202033281329,"y":-0.06676895916461945,"z":0.0034647397696971895,"w":-0.996425449848175},"size":815.9243774414063,"orthographic":true}